Feature,Coefficient
age,-2.234676075839576
sex_1,0.0
assessment_centre_11026,0.021810801359648257
assessment_centre_11027,-0.10057561290414802
