Feature,Coefficient
age,-0.18477143146927366
sex_1,0.2945032059242349
assessment_centre_11026,-0.06786202609112284
assessment_centre_11027,-0.20356795726531052
