Feature,Coefficient
age,73.93589340492527
sex_1,3.8214495268277155
assessment_centre_11026,-1.1309058113851043
assessment_centre_11027,0.3185101154155751
