Feature,Coefficient
age,-0.4632009764387531
sex_1,-0.7787381351124929
assessment_centre_11026,0.2297577869379196
assessment_centre_11027,0.1782094508165714
