,Component_1,Component_2,Component_3,Component_4
age,0.9941213226218232,-0.09588945506429704,-0.05024279493383441,0.001915691349011566
sex_1,0.08629161994172664,0.8589262273320724,0.04896094454375936,-0.5023965746681376
assessment_centre_11026,0.045907708255203176,0.5015275772936402,-0.015895716149142602,0.8637765322956653
assessment_centre_11027,0.046572895113185374,-0.03900048233712705,0.997409551625953,0.03852420204912774
