,Component_1,Component_2,Component_3,Component_4
age,0.745993858729356,-0.07006626083900766,-0.026088701222508736,-0.6617425945918103
sex_1,0.6587824955769601,0.1774836324813428,0.13489220710607763,0.718546641619607
assessment_centre_11026,-0.04744811341637744,0.9549697597234472,-0.25472284081523544,-0.14456039884370117
assessment_centre_11027,-0.08513203153163361,0.22720703621804567,0.9572041300044289,-0.15776486745341456
